corpus,feature,coef,mean,scale
er,edge_density,1.524272,0.514855,0.25551
er,avg_degree,-0.622147,42.568885,54.242478
er,max_degree,-0.851316,50.510033,58.715357
er,min_degree,-0.373453,34.670414,49.702554
er,degree_variance,-0.842657,14.651348,17.242755
er,max_matching_size,-1.387045,43.016365,43.504858
er,spectral_gap,-0.32771,33.343984,49.135099
er,avg_clustering,-0.929183,0.503685,0.270962
er,triangle_count,0.538547,126374.375125,386314.610737
er,diameter,0.357197,2.645937,1.166945
er,(intercept),-8.836502,0.0,1.0
structured,edge_density,0.116461,0.087156,0.103158
structured,avg_degree,-1.131584,2.153891,0.183951
structured,max_degree,0.167694,3.364167,0.543343
structured,min_degree,-0.144786,1.060134,0.237736
structured,degree_variance,-0.355507,0.249675,0.271071
structured,max_matching_size,11.239167,39.672444,38.903655
structured,spectral_gap,0.827381,0.097867,0.194266
structured,avg_clustering,0.722696,0.036776,0.095029
structured,triangle_count,-0.666411,0.387513,0.759559
structured,diameter,8.44972,38.79625,40.994602
structured,(intercept),14.824637,0.0,1.0
hybrid,edge_density,1.136777,0.270244,0.298612
hybrid,avg_degree,-1.882172,26.1163,44.737779
hybrid,max_degree,-4.211864,31.38305,49.126623
hybrid,min_degree,-0.365212,20.937108,40.323046
hybrid,degree_variance,-8.120687,8.650196,14.321029
hybrid,max_matching_size,-0.655952,50.20007,39.288967
hybrid,spectral_gap,-0.440336,19.678891,39.905304
hybrid,avg_clustering,-1.232165,0.250427,0.312388
hybrid,triangle_count,0.165255,68685.230993,287966.325915
hybrid,diameter,11.245442,25.612067,37.377472
hybrid,(intercept),-3.142676,0.0,1.0
