corpus,iteration,train_loss,train_accuracy,train_precision,train_recall,train_specificity,train_npv,train_f1,train_mcc,train_cohen_kappa,train_roc_auc,train_pr_auc,train_savings,val_loss,val_accuracy,val_precision,val_recall,val_specificity,val_npv,val_f1,val_mcc,val_cohen_kappa,val_roc_auc,val_pr_auc,val_savings
er,1,0.31552,0.9978,0.0,0.0,1.0,0.9978,0.0,0.0,0.0,0.8303,0.011,0.0,0.31535,0.9979,0.0,0.0,1.0,0.9979,0.0,0.0,0.0,0.736,0.0069,0.0
er,2,0.06907,0.9978,0.0,0.0,1.0,0.9978,0.0,0.0,0.0,0.8071,0.0098,0.0,0.06871,0.9979,0.0,0.0,1.0,0.9979,0.0,0.0,0.0,0.6957,0.0066,0.0
er,3,0.02355,0.9978,0.0,0.0,1.0,0.9978,0.0,0.0,0.0,0.2949,0.0016,0.0,0.0227,0.9979,0.0,0.0,1.0,0.9979,0.0,0.0,0.0,0.4587,0.0026,0.0
er,4,0.01434,0.9978,0.0,0.0,1.0,0.9978,0.0,0.0,0.0,0.9025,0.0205,0.0,0.01362,0.9979,0.0,0.0,1.0,0.9979,0.0,0.0,0.0,0.8525,0.0129,0.0
er,5,0.01288,0.9978,0.0,0.0,1.0,0.9978,0.0,0.0,0.0,0.9299,0.0224,0.0,0.01223,0.9979,0.0,0.0,1.0,0.9979,0.0,0.0,0.0,0.9121,0.0244,0.0
er,6,0.01285,0.9978,0.0,0.0,1.0,0.9978,0.0,0.0,0.0,0.9365,0.0239,0.0,0.01221,0.9979,0.0,0.0,1.0,0.9979,0.0,0.0,0.0,0.927,0.025,0.0
er,7,0.01285,0.9978,0.0,0.0,1.0,0.9978,0.0,0.0,0.0,0.9365,0.0239,0.0,0.01221,0.9979,0.0,0.0,1.0,0.9979,0.0,0.0,0.0,0.927,0.025,0.0
er,8,0.01285,0.9978,0.0,0.0,1.0,0.9978,0.0,0.0,0.0,0.9365,0.0239,0.0,0.01221,0.9979,0.0,0.0,1.0,0.9979,0.0,0.0,0.0,0.927,0.025,0.0
er,9,0.01285,0.9978,0.0,0.0,1.0,0.9978,0.0,0.0,0.0,0.9365,0.0239,0.0,0.01221,0.9979,0.0,0.0,1.0,0.9979,0.0,0.0,0.0,0.927,0.025,0.0
er,10,0.01285,0.9978,0.0,0.0,1.0,0.9978,0.0,0.0,0.0,0.9365,0.0239,0.0,0.01221,0.9979,0.0,0.0,1.0,0.9979,0.0,0.0,0.0,0.927,0.025,0.0
er,11,0.01285,0.9978,0.0,0.0,1.0,0.9978,0.0,0.0,0.0,0.9365,0.0239,0.0,0.01221,0.9979,0.0,0.0,1.0,0.9979,0.0,0.0,0.0,0.927,0.025,0.0
er,12,0.01285,0.9978,0.0,0.0,1.0,0.9978,0.0,0.0,0.0,0.9365,0.0239,0.0,0.01221,0.9979,0.0,0.0,1.0,0.9979,0.0,0.0,0.0,0.927,0.025,0.0
er,13,0.01285,0.9978,0.0,0.0,1.0,0.9978,0.0,0.0,0.0,0.9365,0.0239,0.0,0.01221,0.9979,0.0,0.0,1.0,0.9979,0.0,0.0,0.0,0.927,0.025,0.0
er,14,0.01285,0.9978,0.0,0.0,1.0,0.9978,0.0,0.0,0.0,0.9365,0.0239,0.0,0.01221,0.9979,0.0,0.0,1.0,0.9979,0.0,0.0,0.0,0.927,0.025,0.0
er,15,0.01285,0.9978,0.0,0.0,1.0,0.9978,0.0,0.0,0.0,0.9365,0.0239,0.0,0.01221,0.9979,0.0,0.0,1.0,0.9979,0.0,0.0,0.0,0.927,0.025,0.0
er,16,0.01285,0.9978,0.0,0.0,1.0,0.9978,0.0,0.0,0.0,0.9365,0.0239,0.0,0.01221,0.9979,0.0,0.0,1.0,0.9979,0.0,0.0,0.0,0.927,0.025,0.0
er,17,0.01285,0.9978,0.0,0.0,1.0,0.9978,0.0,0.0,0.0,0.9365,0.0239,0.0,0.01221,0.9979,0.0,0.0,1.0,0.9979,0.0,0.0,0.0,0.927,0.025,0.0
er,18,0.01285,0.9978,0.0,0.0,1.0,0.9978,0.0,0.0,0.0,0.9365,0.0239,0.0,0.01221,0.9979,0.0,0.0,1.0,0.9979,0.0,0.0,0.0,0.927,0.025,0.0
er,19,0.01285,0.9978,0.0,0.0,1.0,0.9978,0.0,0.0,0.0,0.9365,0.0239,0.0,0.01221,0.9979,0.0,0.0,1.0,0.9979,0.0,0.0,0.0,0.927,0.025,0.0
er,20,0.01285,0.9978,0.0,0.0,1.0,0.9978,0.0,0.0,0.0,0.9365,0.0239,0.0,0.01221,0.9979,0.0,0.0,1.0,0.9979,0.0,0.0,0.0,0.927,0.025,0.0
er,21,0.01285,0.9978,0.0,0.0,1.0,0.9978,0.0,0.0,0.0,0.9365,0.0239,0.0,0.01221,0.9979,0.0,0.0,1.0,0.9979,0.0,0.0,0.0,0.927,0.025,0.0
er,22,0.01285,0.9978,0.0,0.0,1.0,0.9978,0.0,0.0,0.0,0.9365,0.0239,0.0,0.01221,0.9979,0.0,0.0,1.0,0.9979,0.0,0.0,0.0,0.927,0.025,0.0
er,23,0.01285,0.9978,0.0,0.0,1.0,0.9978,0.0,0.0,0.0,0.9365,0.0239,0.0,0.01221,0.9979,0.0,0.0,1.0,0.9979,0.0,0.0,0.0,0.927,0.025,0.0
er,24,0.01285,0.9978,0.0,0.0,1.0,0.9978,0.0,0.0,0.0,0.9365,0.0239,0.0,0.01221,0.9979,0.0,0.0,1.0,0.9979,0.0,0.0,0.0,0.927,0.025,0.0
er,25,0.01285,0.9978,0.0,0.0,1.0,0.9978,0.0,0.0,0.0,0.9365,0.0239,0.0,0.01221,0.9979,0.0,0.0,1.0,0.9979,0.0,0.0,0.0,0.927,0.025,0.0
er,26,0.01285,0.9978,0.0,0.0,1.0,0.9978,0.0,0.0,0.0,0.9365,0.0239,0.0,0.01221,0.9979,0.0,0.0,1.0,0.9979,0.0,0.0,0.0,0.927,0.025,0.0
er,27,0.01285,0.9978,0.0,0.0,1.0,0.9978,0.0,0.0,0.0,0.9365,0.0239,0.0,0.01221,0.9979,0.0,0.0,1.0,0.9979,0.0,0.0,0.0,0.927,0.025,0.0
er,28,0.01285,0.9978,0.0,0.0,1.0,0.9978,0.0,0.0,0.0,0.9365,0.0239,0.0,0.01221,0.9979,0.0,0.0,1.0,0.9979,0.0,0.0,0.0,0.927,0.025,0.0
er,29,0.01285,0.9978,0.0,0.0,1.0,0.9978,0.0,0.0,0.0,0.9365,0.0239,0.0,0.01221,0.9979,0.0,0.0,1.0,0.9979,0.0,0.0,0.0,0.927,0.025,0.0
er,30,0.01285,0.9978,0.0,0.0,1.0,0.9978,0.0,0.0,0.0,0.9365,0.0239,0.0,0.01221,0.9979,0.0,0.0,1.0,0.9979,0.0,0.0,0.0,0.927,0.025,0.0
er,31,0.01285,0.9978,0.0,0.0,1.0,0.9978,0.0,0.0,0.0,0.9365,0.0239,0.0,0.01221,0.9979,0.0,0.0,1.0,0.9979,0.0,0.0,0.0,0.927,0.025,0.0
er,32,0.01285,0.9978,0.0,0.0,1.0,0.9978,0.0,0.0,0.0,0.9365,0.0239,0.0,0.01221,0.9979,0.0,0.0,1.0,0.9979,0.0,0.0,0.0,0.927,0.025,0.0
er,33,0.01285,0.9978,0.0,0.0,1.0,0.9978,0.0,0.0,0.0,0.9365,0.0239,0.0,0.01221,0.9979,0.0,0.0,1.0,0.9979,0.0,0.0,0.0,0.927,0.025,0.0
er,34,0.01285,0.9978,0.0,0.0,1.0,0.9978,0.0,0.0,0.0,0.9365,0.0239,0.0,0.01221,0.9979,0.0,0.0,1.0,0.9979,0.0,0.0,0.0,0.927,0.025,0.0
er,35,0.01285,0.9978,0.0,0.0,1.0,0.9978,0.0,0.0,0.0,0.9365,0.0239,0.0,0.01221,0.9979,0.0,0.0,1.0,0.9979,0.0,0.0,0.0,0.927,0.025,0.0
er,36,0.01285,0.9978,0.0,0.0,1.0,0.9978,0.0,0.0,0.0,0.9365,0.0239,0.0,0.01221,0.9979,0.0,0.0,1.0,0.9979,0.0,0.0,0.0,0.927,0.025,0.0
er,37,0.01285,0.9978,0.0,0.0,1.0,0.9978,0.0,0.0,0.0,0.9365,0.0239,0.0,0.01221,0.9979,0.0,0.0,1.0,0.9979,0.0,0.0,0.0,0.927,0.025,0.0
er,38,0.01285,0.9978,0.0,0.0,1.0,0.9978,0.0,0.0,0.0,0.9365,0.0239,0.0,0.01221,0.9979,0.0,0.0,1.0,0.9979,0.0,0.0,0.0,0.927,0.025,0.0
er,39,0.01285,0.9978,0.0,0.0,1.0,0.9978,0.0,0.0,0.0,0.9365,0.0239,0.0,0.01221,0.9979,0.0,0.0,1.0,0.9979,0.0,0.0,0.0,0.927,0.025,0.0
er,40,0.01285,0.9978,0.0,0.0,1.0,0.9978,0.0,0.0,0.0,0.9365,0.0239,0.0,0.01221,0.9979,0.0,0.0,1.0,0.9979,0.0,0.0,0.0,0.927,0.025,0.0
er,41,0.01285,0.9978,0.0,0.0,1.0,0.9978,0.0,0.0,0.0,0.9365,0.0239,0.0,0.01221,0.9979,0.0,0.0,1.0,0.9979,0.0,0.0,0.0,0.927,0.025,0.0
er,42,0.01285,0.9978,0.0,0.0,1.0,0.9978,0.0,0.0,0.0,0.9365,0.0239,0.0,0.01221,0.9979,0.0,0.0,1.0,0.9979,0.0,0.0,0.0,0.927,0.025,0.0
er,43,0.01285,0.9978,0.0,0.0,1.0,0.9978,0.0,0.0,0.0,0.9365,0.0239,0.0,0.01221,0.9979,0.0,0.0,1.0,0.9979,0.0,0.0,0.0,0.927,0.025,0.0
er,44,0.01285,0.9978,0.0,0.0,1.0,0.9978,0.0,0.0,0.0,0.9365,0.0239,0.0,0.01221,0.9979,0.0,0.0,1.0,0.9979,0.0,0.0,0.0,0.927,0.025,0.0
er,45,0.01285,0.9978,0.0,0.0,1.0,0.9978,0.0,0.0,0.0,0.9365,0.0239,0.0,0.01221,0.9979,0.0,0.0,1.0,0.9979,0.0,0.0,0.0,0.927,0.025,0.0
er,46,0.01285,0.9978,0.0,0.0,1.0,0.9978,0.0,0.0,0.0,0.9365,0.0239,0.0,0.01221,0.9979,0.0,0.0,1.0,0.9979,0.0,0.0,0.0,0.927,0.025,0.0
er,47,0.01285,0.9978,0.0,0.0,1.0,0.9978,0.0,0.0,0.0,0.9365,0.0239,0.0,0.01221,0.9979,0.0,0.0,1.0,0.9979,0.0,0.0,0.0,0.927,0.025,0.0
er,48,0.01285,0.9978,0.0,0.0,1.0,0.9978,0.0,0.0,0.0,0.9365,0.0239,0.0,0.01221,0.9979,0.0,0.0,1.0,0.9979,0.0,0.0,0.0,0.927,0.025,0.0
er,49,0.01285,0.9978,0.0,0.0,1.0,0.9978,0.0,0.0,0.0,0.9365,0.0239,0.0,0.01221,0.9979,0.0,0.0,1.0,0.9979,0.0,0.0,0.0,0.927,0.025,0.0
er,50,0.01285,0.9978,0.0,0.0,1.0,0.9978,0.0,0.0,0.0,0.9365,0.0239,0.0,0.01221,0.9979,0.0,0.0,1.0,0.9979,0.0,0.0,0.0,0.927,0.025,0.0
structured,1,0.32273,0.9234,0.9755,0.9174,0.9392,0.812,0.9456,0.8214,0.817,0.9735,0.991,0.9921,0.31653,0.9291,0.981,0.92,0.9531,0.8186,0.9495,0.8356,0.8307,0.9772,0.9921,0.992
structured,2,0.23013,0.9369,0.9506,0.963,0.8682,0.8992,0.9568,0.8405,0.8402,0.9792,0.9932,0.9978,0.21202,0.9404,0.9569,0.9611,0.8856,0.8961,0.959,0.8499,0.8498,0.9822,0.9941,0.9979
structured,3,0.19626,0.9442,0.9673,0.9552,0.9151,0.8859,0.9613,0.8617,0.8615,0.9797,0.9934,0.9985,0.17844,0.9468,0.9717,0.9544,0.9267,0.8852,0.963,0.8689,0.8685,0.9821,0.9941,0.9984
structured,4,0.1814,0.9454,0.973,0.9511,0.9305,0.8784,0.9619,0.8663,0.8656,0.9796,0.9933,0.9985,0.17491,0.9476,0.9782,0.9489,0.9443,0.875,0.9633,0.873,0.8717,0.9811,0.9937,0.9983
structured,5,0.16226,0.9462,0.9812,0.9438,0.9524,0.8656,0.9622,0.8712,0.8692,0.9794,0.9933,0.9986,0.15806,0.9468,0.9906,0.9356,0.9765,0.8517,0.9623,0.8765,0.8724,0.9806,0.9935,0.9986
structured,6,0.1546,0.9502,0.9921,0.9388,0.9802,0.8589,0.9647,0.8844,0.8805,0.9801,0.9935,0.9988,0.15477,0.9476,0.9976,0.93,0.9941,0.8433,0.9626,0.8815,0.8755,0.9813,0.9938,0.9987
structured,7,0.1454,0.9456,0.9706,0.9539,0.9239,0.8838,0.9621,0.8659,0.8655,0.9822,0.9941,0.9985,0.14245,0.9452,0.9782,0.9456,0.9443,0.8679,0.9616,0.8677,0.8662,0.9835,0.9944,0.9985
structured,8,0.14014,0.9496,0.9883,0.9416,0.9707,0.8633,0.9644,0.8814,0.8784,0.9823,0.9942,0.9988,0.14098,0.9484,0.9953,0.9333,0.9883,0.8489,0.9633,0.882,0.8769,0.9833,0.9944,0.9987
structured,9,0.13393,0.9502,0.9903,0.9405,0.9758,0.8617,0.9648,0.8836,0.8802,0.9829,0.9943,0.9988,0.13633,0.946,0.9952,0.93,0.9883,0.8425,0.9615,0.8771,0.8714,0.9838,0.9945,0.9987
structured,10,0.1338,0.9502,0.9901,0.9408,0.9751,0.8621,0.9648,0.8835,0.8801,0.9831,0.9944,0.9988,0.13651,0.946,0.9952,0.93,0.9883,0.8425,0.9615,0.8771,0.8714,0.9839,0.9945,0.9987
structured,11,0.13365,0.9504,0.9903,0.9408,0.9758,0.8622,0.9649,0.884,0.8806,0.9831,0.9944,0.9988,0.13639,0.946,0.9952,0.93,0.9883,0.8425,0.9615,0.8771,0.8714,0.9839,0.9945,0.9987
structured,12,0.13365,0.9504,0.9903,0.9408,0.9758,0.8622,0.9649,0.884,0.8806,0.9831,0.9944,0.9988,0.13639,0.946,0.9952,0.93,0.9883,0.8425,0.9615,0.8771,0.8714,0.9839,0.9945,0.9987
structured,13,0.13365,0.9504,0.9903,0.9408,0.9758,0.8622,0.9649,0.884,0.8806,0.9831,0.9944,0.9988,0.13639,0.946,0.9952,0.93,0.9883,0.8425,0.9615,0.8771,0.8714,0.9839,0.9945,0.9987
structured,14,0.13365,0.9504,0.9903,0.9408,0.9758,0.8622,0.9649,0.884,0.8806,0.9831,0.9944,0.9988,0.13639,0.946,0.9952,0.93,0.9883,0.8425,0.9615,0.8771,0.8714,0.9839,0.9945,0.9987
structured,15,0.13365,0.9504,0.9903,0.9408,0.9758,0.8622,0.9649,0.884,0.8806,0.9831,0.9944,0.9988,0.13639,0.946,0.9952,0.93,0.9883,0.8425,0.9615,0.8771,0.8714,0.9839,0.9945,0.9987
structured,16,0.13365,0.9504,0.9903,0.9408,0.9758,0.8622,0.9649,0.884,0.8806,0.9831,0.9944,0.9988,0.13639,0.946,0.9952,0.93,0.9883,0.8425,0.9615,0.8771,0.8714,0.9839,0.9945,0.9987
structured,17,0.13365,0.9504,0.9903,0.9408,0.9758,0.8622,0.9649,0.884,0.8806,0.9831,0.9944,0.9988,0.13639,0.946,0.9952,0.93,0.9883,0.8425,0.9615,0.8771,0.8714,0.9839,0.9945,0.9987
structured,18,0.13365,0.9504,0.9903,0.9408,0.9758,0.8622,0.9649,0.884,0.8806,0.9831,0.9944,0.9988,0.13639,0.946,0.9952,0.93,0.9883,0.8425,0.9615,0.8771,0.8714,0.9839,0.9945,0.9987
structured,19,0.13365,0.9504,0.9903,0.9408,0.9758,0.8622,0.9649,0.884,0.8806,0.9831,0.9944,0.9988,0.13639,0.946,0.9952,0.93,0.9883,0.8425,0.9615,0.8771,0.8714,0.9839,0.9945,0.9987
structured,20,0.13365,0.9504,0.9903,0.9408,0.9758,0.8622,0.9649,0.884,0.8806,0.9831,0.9944,0.9988,0.13639,0.946,0.9952,0.93,0.9883,0.8425,0.9615,0.8771,0.8714,0.9839,0.9945,0.9987
structured,21,0.13365,0.9504,0.9903,0.9408,0.9758,0.8622,0.9649,0.884,0.8806,0.9831,0.9944,0.9988,0.13639,0.946,0.9952,0.93,0.9883,0.8425,0.9615,0.8771,0.8714,0.9839,0.9945,0.9987
structured,22,0.13365,0.9504,0.9903,0.9408,0.9758,0.8622,0.9649,0.884,0.8806,0.9831,0.9944,0.9988,0.13639,0.946,0.9952,0.93,0.9883,0.8425,0.9615,0.8771,0.8714,0.9839,0.9945,0.9987
structured,23,0.13365,0.9504,0.9903,0.9408,0.9758,0.8622,0.9649,0.884,0.8806,0.9831,0.9944,0.9988,0.13639,0.946,0.9952,0.93,0.9883,0.8425,0.9615,0.8771,0.8714,0.9839,0.9945,0.9987
structured,24,0.13365,0.9504,0.9903,0.9408,0.9758,0.8622,0.9649,0.884,0.8806,0.9831,0.9944,0.9988,0.13639,0.946,0.9952,0.93,0.9883,0.8425,0.9615,0.8771,0.8714,0.9839,0.9945,0.9987
structured,25,0.13365,0.9504,0.9903,0.9408,0.9758,0.8622,0.9649,0.884,0.8806,0.9831,0.9944,0.9988,0.13639,0.946,0.9952,0.93,0.9883,0.8425,0.9615,0.8771,0.8714,0.9839,0.9945,0.9987
structured,26,0.13365,0.9504,0.9903,0.9408,0.9758,0.8622,0.9649,0.884,0.8806,0.9831,0.9944,0.9988,0.13639,0.946,0.9952,0.93,0.9883,0.8425,0.9615,0.8771,0.8714,0.9839,0.9945,0.9987
structured,27,0.13365,0.9504,0.9903,0.9408,0.9758,0.8622,0.9649,0.884,0.8806,0.9831,0.9944,0.9988,0.13639,0.946,0.9952,0.93,0.9883,0.8425,0.9615,0.8771,0.8714,0.9839,0.9945,0.9987
structured,28,0.13365,0.9504,0.9903,0.9408,0.9758,0.8622,0.9649,0.884,0.8806,0.9831,0.9944,0.9988,0.13639,0.946,0.9952,0.93,0.9883,0.8425,0.9615,0.8771,0.8714,0.9839,0.9945,0.9987
structured,29,0.13365,0.9504,0.9903,0.9408,0.9758,0.8622,0.9649,0.884,0.8806,0.9831,0.9944,0.9988,0.13639,0.946,0.9952,0.93,0.9883,0.8425,0.9615,0.8771,0.8714,0.9839,0.9945,0.9987
structured,30,0.13365,0.9504,0.9903,0.9408,0.9758,0.8622,0.9649,0.884,0.8806,0.9831,0.9944,0.9988,0.13639,0.946,0.9952,0.93,0.9883,0.8425,0.9615,0.8771,0.8714,0.9839,0.9945,0.9987
structured,31,0.13365,0.9504,0.9903,0.9408,0.9758,0.8622,0.9649,0.884,0.8806,0.9831,0.9944,0.9988,0.13639,0.946,0.9952,0.93,0.9883,0.8425,0.9615,0.8771,0.8714,0.9839,0.9945,0.9987
structured,32,0.13365,0.9504,0.9903,0.9408,0.9758,0.8622,0.9649,0.884,0.8806,0.9831,0.9944,0.9988,0.13639,0.946,0.9952,0.93,0.9883,0.8425,0.9615,0.8771,0.8714,0.9839,0.9945,0.9987
structured,33,0.13365,0.9504,0.9903,0.9408,0.9758,0.8622,0.9649,0.884,0.8806,0.9831,0.9944,0.9988,0.13639,0.946,0.9952,0.93,0.9883,0.8425,0.9615,0.8771,0.8714,0.9839,0.9945,0.9987
structured,34,0.13365,0.9504,0.9903,0.9408,0.9758,0.8622,0.9649,0.884,0.8806,0.9831,0.9944,0.9988,0.13639,0.946,0.9952,0.93,0.9883,0.8425,0.9615,0.8771,0.8714,0.9839,0.9945,0.9987
structured,35,0.13365,0.9504,0.9903,0.9408,0.9758,0.8622,0.9649,0.884,0.8806,0.9831,0.9944,0.9988,0.13639,0.946,0.9952,0.93,0.9883,0.8425,0.9615,0.8771,0.8714,0.9839,0.9945,0.9987
structured,36,0.13365,0.9504,0.9903,0.9408,0.9758,0.8622,0.9649,0.884,0.8806,0.9831,0.9944,0.9988,0.13639,0.946,0.9952,0.93,0.9883,0.8425,0.9615,0.8771,0.8714,0.9839,0.9945,0.9987
structured,37,0.13365,0.9504,0.9903,0.9408,0.9758,0.8622,0.9649,0.884,0.8806,0.9831,0.9944,0.9988,0.13639,0.946,0.9952,0.93,0.9883,0.8425,0.9615,0.8771,0.8714,0.9839,0.9945,0.9987
structured,38,0.13365,0.9504,0.9903,0.9408,0.9758,0.8622,0.9649,0.884,0.8806,0.9831,0.9944,0.9988,0.13639,0.946,0.9952,0.93,0.9883,0.8425,0.9615,0.8771,0.8714,0.9839,0.9945,0.9987
structured,39,0.13365,0.9504,0.9903,0.9408,0.9758,0.8622,0.9649,0.884,0.8806,0.9831,0.9944,0.9988,0.13639,0.946,0.9952,0.93,0.9883,0.8425,0.9615,0.8771,0.8714,0.9839,0.9945,0.9987
structured,40,0.13365,0.9504,0.9903,0.9408,0.9758,0.8622,0.9649,0.884,0.8806,0.9831,0.9944,0.9988,0.13639,0.946,0.9952,0.93,0.9883,0.8425,0.9615,0.8771,0.8714,0.9839,0.9945,0.9987
structured,41,0.13365,0.9504,0.9903,0.9408,0.9758,0.8622,0.9649,0.884,0.8806,0.9831,0.9944,0.9988,0.13639,0.946,0.9952,0.93,0.9883,0.8425,0.9615,0.8771,0.8714,0.9839,0.9945,0.9987
structured,42,0.13365,0.9504,0.9903,0.9408,0.9758,0.8622,0.9649,0.884,0.8806,0.9831,0.9944,0.9988,0.13639,0.946,0.9952,0.93,0.9883,0.8425,0.9615,0.8771,0.8714,0.9839,0.9945,0.9987
structured,43,0.13365,0.9504,0.9903,0.9408,0.9758,0.8622,0.9649,0.884,0.8806,0.9831,0.9944,0.9988,0.13639,0.946,0.9952,0.93,0.9883,0.8425,0.9615,0.8771,0.8714,0.9839,0.9945,0.9987
structured,44,0.13365,0.9504,0.9903,0.9408,0.9758,0.8622,0.9649,0.884,0.8806,0.9831,0.9944,0.9988,0.13639,0.946,0.9952,0.93,0.9883,0.8425,0.9615,0.8771,0.8714,0.9839,0.9945,0.9987
structured,45,0.13365,0.9504,0.9903,0.9408,0.9758,0.8622,0.9649,0.884,0.8806,0.9831,0.9944,0.9988,0.13639,0.946,0.9952,0.93,0.9883,0.8425,0.9615,0.8771,0.8714,0.9839,0.9945,0.9987
structured,46,0.13365,0.9504,0.9903,0.9408,0.9758,0.8622,0.9649,0.884,0.8806,0.9831,0.9944,0.9988,0.13639,0.946,0.9952,0.93,0.9883,0.8425,0.9615,0.8771,0.8714,0.9839,0.9945,0.9987
structured,47,0.13365,0.9504,0.9903,0.9408,0.9758,0.8622,0.9649,0.884,0.8806,0.9831,0.9944,0.9988,0.13639,0.946,0.9952,0.93,0.9883,0.8425,0.9615,0.8771,0.8714,0.9839,0.9945,0.9987
structured,48,0.13365,0.9504,0.9903,0.9408,0.9758,0.8622,0.9649,0.884,0.8806,0.9831,0.9944,0.9988,0.13639,0.946,0.9952,0.93,0.9883,0.8425,0.9615,0.8771,0.8714,0.9839,0.9945,0.9987
structured,49,0.13365,0.9504,0.9903,0.9408,0.9758,0.8622,0.9649,0.884,0.8806,0.9831,0.9944,0.9988,0.13639,0.946,0.9952,0.93,0.9883,0.8425,0.9615,0.8771,0.8714,0.9839,0.9945,0.9987
structured,50,0.13365,0.9504,0.9903,0.9408,0.9758,0.8622,0.9649,0.884,0.8806,0.9831,0.9944,0.9988,0.13639,0.946,0.9952,0.93,0.9883,0.8425,0.9615,0.8771,0.8714,0.9839,0.9945,0.9987
hybrid,1,0.27449,0.8856,0.8149,0.9978,0.7735,0.9971,0.8971,0.7914,0.7712,0.9963,0.9966,-1.9017,0.27624,0.8793,0.8055,1.0,0.7586,1.0,0.8923,0.7817,0.7586,0.9975,0.9977,-2.6242
hybrid,2,0.13555,0.9519,0.9254,0.9831,0.9208,0.982,0.9534,0.9057,0.9039,0.996,0.9964,0.4505,0.1338,0.9513,0.9179,0.9911,0.9114,0.9904,0.9531,0.9054,0.9025,0.9972,0.9975,0.2727
hybrid,3,0.08965,0.9641,0.9464,0.9839,0.9443,0.9833,0.9648,0.929,0.9283,0.9971,0.9973,0.9274,0.08455,0.969,0.9491,0.9911,0.9468,0.9907,0.9697,0.9389,0.938,0.998,0.9981,0.9311
hybrid,4,0.06191,0.9763,0.9649,0.9886,0.964,0.9884,0.9766,0.9529,0.9526,0.9981,0.9981,0.995,0.05811,0.9779,0.9645,0.9922,0.9635,0.992,0.9782,0.9561,0.9557,0.9984,0.9984,0.9957
hybrid,5,0.05269,0.9776,0.9677,0.9881,0.967,0.9878,0.9778,0.9553,0.9551,0.9983,0.9983,0.9968,0.05045,0.9801,0.9697,0.9911,0.969,0.9909,0.9803,0.9604,0.9601,0.9985,0.9984,0.9985
hybrid,6,0.0527,0.9771,0.9664,0.9886,0.9657,0.9884,0.9774,0.9546,0.9543,0.9984,0.9983,0.9967,0.05062,0.9795,0.9686,0.9911,0.9679,0.9909,0.9797,0.9593,0.959,0.9985,0.9985,0.998
hybrid,7,0.05225,0.9774,0.9667,0.9889,0.9659,0.9887,0.9777,0.9551,0.9549,0.9984,0.9983,0.9969,0.05031,0.9806,0.9707,0.9911,0.9701,0.991,0.9808,0.9615,0.9612,0.9986,0.9985,0.9986
hybrid,8,0.05225,0.9774,0.9667,0.9889,0.9659,0.9887,0.9777,0.9551,0.9549,0.9984,0.9983,0.9969,0.05024,0.9806,0.9707,0.9911,0.9701,0.991,0.9808,0.9615,0.9612,0.9986,0.9985,0.9986
hybrid,9,0.05225,0.9774,0.9667,0.9889,0.9659,0.9887,0.9777,0.9551,0.9549,0.9984,0.9983,0.9969,0.05024,0.9806,0.9707,0.9911,0.9701,0.991,0.9808,0.9615,0.9612,0.9986,0.9985,0.9986
hybrid,10,0.05225,0.9774,0.9667,0.9889,0.9659,0.9887,0.9777,0.9551,0.9549,0.9984,0.9983,0.9969,0.05024,0.9806,0.9707,0.9911,0.9701,0.991,0.9808,0.9615,0.9612,0.9986,0.9985,0.9986
hybrid,11,0.05225,0.9774,0.9667,0.9889,0.9659,0.9887,0.9777,0.9551,0.9549,0.9984,0.9983,0.9969,0.05024,0.9806,0.9707,0.9911,0.9701,0.991,0.9808,0.9615,0.9612,0.9986,0.9985,0.9986
hybrid,12,0.05225,0.9774,0.9667,0.9889,0.9659,0.9887,0.9777,0.9551,0.9549,0.9984,0.9983,0.9969,0.05024,0.9806,0.9707,0.9911,0.9701,0.991,0.9808,0.9615,0.9612,0.9986,0.9985,0.9986
hybrid,13,0.05225,0.9774,0.9667,0.9889,0.9659,0.9887,0.9777,0.9551,0.9549,0.9984,0.9983,0.9969,0.05024,0.9806,0.9707,0.9911,0.9701,0.991,0.9808,0.9615,0.9612,0.9986,0.9985,0.9986
hybrid,14,0.05225,0.9774,0.9667,0.9889,0.9659,0.9887,0.9777,0.9551,0.9549,0.9984,0.9983,0.9969,0.05024,0.9806,0.9707,0.9911,0.9701,0.991,0.9808,0.9615,0.9612,0.9986,0.9985,0.9986
hybrid,15,0.05225,0.9774,0.9667,0.9889,0.9659,0.9887,0.9777,0.9551,0.9549,0.9984,0.9983,0.9969,0.05024,0.9806,0.9707,0.9911,0.9701,0.991,0.9808,0.9615,0.9612,0.9986,0.9985,0.9986
hybrid,16,0.05225,0.9774,0.9667,0.9889,0.9659,0.9887,0.9777,0.9551,0.9549,0.9984,0.9983,0.9969,0.05024,0.9806,0.9707,0.9911,0.9701,0.991,0.9808,0.9615,0.9612,0.9986,0.9985,0.9986
hybrid,17,0.05225,0.9774,0.9667,0.9889,0.9659,0.9887,0.9777,0.9551,0.9549,0.9984,0.9983,0.9969,0.05024,0.9806,0.9707,0.9911,0.9701,0.991,0.9808,0.9615,0.9612,0.9986,0.9985,0.9986
hybrid,18,0.05225,0.9774,0.9667,0.9889,0.9659,0.9887,0.9777,0.9551,0.9549,0.9984,0.9983,0.9969,0.05024,0.9806,0.9707,0.9911,0.9701,0.991,0.9808,0.9615,0.9612,0.9986,0.9985,0.9986
hybrid,19,0.05225,0.9774,0.9667,0.9889,0.9659,0.9887,0.9777,0.9551,0.9549,0.9984,0.9983,0.9969,0.05024,0.9806,0.9707,0.9911,0.9701,0.991,0.9808,0.9615,0.9612,0.9986,0.9985,0.9986
hybrid,20,0.05225,0.9774,0.9667,0.9889,0.9659,0.9887,0.9777,0.9551,0.9549,0.9984,0.9983,0.9969,0.05024,0.9806,0.9707,0.9911,0.9701,0.991,0.9808,0.9615,0.9612,0.9986,0.9985,0.9986
hybrid,21,0.05225,0.9774,0.9667,0.9889,0.9659,0.9887,0.9777,0.9551,0.9549,0.9984,0.9983,0.9969,0.05024,0.9806,0.9707,0.9911,0.9701,0.991,0.9808,0.9615,0.9612,0.9986,0.9985,0.9986
hybrid,22,0.05225,0.9774,0.9667,0.9889,0.9659,0.9887,0.9777,0.9551,0.9549,0.9984,0.9983,0.9969,0.05024,0.9806,0.9707,0.9911,0.9701,0.991,0.9808,0.9615,0.9612,0.9986,0.9985,0.9986
hybrid,23,0.05225,0.9774,0.9667,0.9889,0.9659,0.9887,0.9777,0.9551,0.9549,0.9984,0.9983,0.9969,0.05024,0.9806,0.9707,0.9911,0.9701,0.991,0.9808,0.9615,0.9612,0.9986,0.9985,0.9986
hybrid,24,0.05225,0.9774,0.9667,0.9889,0.9659,0.9887,0.9777,0.9551,0.9549,0.9984,0.9983,0.9969,0.05024,0.9806,0.9707,0.9911,0.9701,0.991,0.9808,0.9615,0.9612,0.9986,0.9985,0.9986
hybrid,25,0.05225,0.9774,0.9667,0.9889,0.9659,0.9887,0.9777,0.9551,0.9549,0.9984,0.9983,0.9969,0.05024,0.9806,0.9707,0.9911,0.9701,0.991,0.9808,0.9615,0.9612,0.9986,0.9985,0.9986
hybrid,26,0.05225,0.9774,0.9667,0.9889,0.9659,0.9887,0.9777,0.9551,0.9549,0.9984,0.9983,0.9969,0.05024,0.9806,0.9707,0.9911,0.9701,0.991,0.9808,0.9615,0.9612,0.9986,0.9985,0.9986
hybrid,27,0.05225,0.9774,0.9667,0.9889,0.9659,0.9887,0.9777,0.9551,0.9549,0.9984,0.9983,0.9969,0.05024,0.9806,0.9707,0.9911,0.9701,0.991,0.9808,0.9615,0.9612,0.9986,0.9985,0.9986
hybrid,28,0.05225,0.9774,0.9667,0.9889,0.9659,0.9887,0.9777,0.9551,0.9549,0.9984,0.9983,0.9969,0.05024,0.9806,0.9707,0.9911,0.9701,0.991,0.9808,0.9615,0.9612,0.9986,0.9985,0.9986
hybrid,29,0.05225,0.9774,0.9667,0.9889,0.9659,0.9887,0.9777,0.9551,0.9549,0.9984,0.9983,0.9969,0.05024,0.9806,0.9707,0.9911,0.9701,0.991,0.9808,0.9615,0.9612,0.9986,0.9985,0.9986
hybrid,30,0.05225,0.9774,0.9667,0.9889,0.9659,0.9887,0.9777,0.9551,0.9549,0.9984,0.9983,0.9969,0.05024,0.9806,0.9707,0.9911,0.9701,0.991,0.9808,0.9615,0.9612,0.9986,0.9985,0.9986
hybrid,31,0.05225,0.9774,0.9667,0.9889,0.9659,0.9887,0.9777,0.9551,0.9549,0.9984,0.9983,0.9969,0.05024,0.9806,0.9707,0.9911,0.9701,0.991,0.9808,0.9615,0.9612,0.9986,0.9985,0.9986
hybrid,32,0.05225,0.9774,0.9667,0.9889,0.9659,0.9887,0.9777,0.9551,0.9549,0.9984,0.9983,0.9969,0.05024,0.9806,0.9707,0.9911,0.9701,0.991,0.9808,0.9615,0.9612,0.9986,0.9985,0.9986
hybrid,33,0.05225,0.9774,0.9667,0.9889,0.9659,0.9887,0.9777,0.9551,0.9549,0.9984,0.9983,0.9969,0.05024,0.9806,0.9707,0.9911,0.9701,0.991,0.9808,0.9615,0.9612,0.9986,0.9985,0.9986
hybrid,34,0.05225,0.9774,0.9667,0.9889,0.9659,0.9887,0.9777,0.9551,0.9549,0.9984,0.9983,0.9969,0.05024,0.9806,0.9707,0.9911,0.9701,0.991,0.9808,0.9615,0.9612,0.9986,0.9985,0.9986
hybrid,35,0.05225,0.9774,0.9667,0.9889,0.9659,0.9887,0.9777,0.9551,0.9549,0.9984,0.9983,0.9969,0.05024,0.9806,0.9707,0.9911,0.9701,0.991,0.9808,0.9615,0.9612,0.9986,0.9985,0.9986
hybrid,36,0.05225,0.9774,0.9667,0.9889,0.9659,0.9887,0.9777,0.9551,0.9549,0.9984,0.9983,0.9969,0.05024,0.9806,0.9707,0.9911,0.9701,0.991,0.9808,0.9615,0.9612,0.9986,0.9985,0.9986
hybrid,37,0.05225,0.9774,0.9667,0.9889,0.9659,0.9887,0.9777,0.9551,0.9549,0.9984,0.9983,0.9969,0.05024,0.9806,0.9707,0.9911,0.9701,0.991,0.9808,0.9615,0.9612,0.9986,0.9985,0.9986
hybrid,38,0.05225,0.9774,0.9667,0.9889,0.9659,0.9887,0.9777,0.9551,0.9549,0.9984,0.9983,0.9969,0.05024,0.9806,0.9707,0.9911,0.9701,0.991,0.9808,0.9615,0.9612,0.9986,0.9985,0.9986
hybrid,39,0.05225,0.9774,0.9667,0.9889,0.9659,0.9887,0.9777,0.9551,0.9549,0.9984,0.9983,0.9969,0.05024,0.9806,0.9707,0.9911,0.9701,0.991,0.9808,0.9615,0.9612,0.9986,0.9985,0.9986
hybrid,40,0.05225,0.9774,0.9667,0.9889,0.9659,0.9887,0.9777,0.9551,0.9549,0.9984,0.9983,0.9969,0.05024,0.9806,0.9707,0.9911,0.9701,0.991,0.9808,0.9615,0.9612,0.9986,0.9985,0.9986
hybrid,41,0.05225,0.9774,0.9667,0.9889,0.9659,0.9887,0.9777,0.9551,0.9549,0.9984,0.9983,0.9969,0.05024,0.9806,0.9707,0.9911,0.9701,0.991,0.9808,0.9615,0.9612,0.9986,0.9985,0.9986
hybrid,42,0.05225,0.9774,0.9667,0.9889,0.9659,0.9887,0.9777,0.9551,0.9549,0.9984,0.9983,0.9969,0.05024,0.9806,0.9707,0.9911,0.9701,0.991,0.9808,0.9615,0.9612,0.9986,0.9985,0.9986
hybrid,43,0.05225,0.9774,0.9667,0.9889,0.9659,0.9887,0.9777,0.9551,0.9549,0.9984,0.9983,0.9969,0.05024,0.9806,0.9707,0.9911,0.9701,0.991,0.9808,0.9615,0.9612,0.9986,0.9985,0.9986
hybrid,44,0.05225,0.9774,0.9667,0.9889,0.9659,0.9887,0.9777,0.9551,0.9549,0.9984,0.9983,0.9969,0.05024,0.9806,0.9707,0.9911,0.9701,0.991,0.9808,0.9615,0.9612,0.9986,0.9985,0.9986
hybrid,45,0.05225,0.9774,0.9667,0.9889,0.9659,0.9887,0.9777,0.9551,0.9549,0.9984,0.9983,0.9969,0.05024,0.9806,0.9707,0.9911,0.9701,0.991,0.9808,0.9615,0.9612,0.9986,0.9985,0.9986
hybrid,46,0.05225,0.9774,0.9667,0.9889,0.9659,0.9887,0.9777,0.9551,0.9549,0.9984,0.9983,0.9969,0.05024,0.9806,0.9707,0.9911,0.9701,0.991,0.9808,0.9615,0.9612,0.9986,0.9985,0.9986
hybrid,47,0.05225,0.9774,0.9667,0.9889,0.9659,0.9887,0.9777,0.9551,0.9549,0.9984,0.9983,0.9969,0.05024,0.9806,0.9707,0.9911,0.9701,0.991,0.9808,0.9615,0.9612,0.9986,0.9985,0.9986
hybrid,48,0.05225,0.9774,0.9667,0.9889,0.9659,0.9887,0.9777,0.9551,0.9549,0.9984,0.9983,0.9969,0.05024,0.9806,0.9707,0.9911,0.9701,0.991,0.9808,0.9615,0.9612,0.9986,0.9985,0.9986
hybrid,49,0.05225,0.9774,0.9667,0.9889,0.9659,0.9887,0.9777,0.9551,0.9549,0.9984,0.9983,0.9969,0.05024,0.9806,0.9707,0.9911,0.9701,0.991,0.9808,0.9615,0.9612,0.9986,0.9985,0.9986
hybrid,50,0.05225,0.9774,0.9667,0.9889,0.9659,0.9887,0.9777,0.9551,0.9549,0.9984,0.9983,0.9969,0.05024,0.9806,0.9707,0.9911,0.9701,0.991,0.9808,0.9615,0.9612,0.9986,0.9985,0.9986
