corpus,iteration,train_loss,val_loss
er,1,0.09234531639107396,0.09235642888396745
er,2,0.14148303223553108,0.141511401527924
er,3,0.06377345430636681,0.06379725130484136
er,4,0.059341588345415884,0.05935775190980753
er,5,0.03557659103343471,0.03558492038169427
er,6,0.05436820582660902,0.05438296415751277
er,7,0.036856331284158314,0.03686462853479041
er,8,0.10288662589966849,0.1029223161066887
er,9,0.11058257861667001,0.11062330720493031
er,10,0.10500555414973618,0.10504211170035342
er,11,0.08985750410445109,0.08989490926864775
er,12,0.07475470345888008,0.0747808602465174
er,13,0.0982959972938711,0.09832903413221915
er,14,0.1270932660597638,0.12712821043570696
er,15,0.06717739138087343,0.06719659362880052
er,16,0.08490788250003051,0.08493252281757067
er,17,0.062080365751835835,0.06209702925762553
er,18,0.1221512030598937,0.12218738491737584
er,19,0.058745308704420976,0.05876038385893571
er,20,0.0826404040088918,0.08266431197413102
er,21,0.0777405056663156,0.0777627151244086
er,22,0.07282272952949584,0.07284263012312193
er,23,0.047395376391362994,0.04740586765492358
er,24,0.05423396912679107,0.05424676018697588
er,25,0.053989021948248554,0.05400179621226428
er,26,0.06920099022987154,0.06921905354850012
er,27,0.0910753986679478,0.09110113373560699
er,28,0.03425465667989572,0.0342607536037885
er,29,0.05658750103947622,0.05660136475098449
er,30,0.09684183060923422,0.0968694053883399
er,31,0.07806968666224522,0.07809112558629099
er,32,0.06192947840358338,0.06194499707088293
er,33,0.08011606913040971,0.08013868944608646
er,34,0.10048825559852444,0.10051745590836678
er,35,0.09640234518250178,0.09643041169942485
er,36,0.08654042795956259,0.08656513428220212
er,37,0.023518873973628954,0.023521603019492302
er,38,0.05488191930250765,0.05489527955270305
er,39,0.11322544095575723,0.11325863452247255
er,40,0.0818622086637385,0.08188586493937353
er,41,0.12442347983648495,0.12446445739863032
er,42,0.06280016633433318,0.06281570692055108
er,43,0.07300035668377576,0.07301942612442405
er,44,0.1309795884362972,0.1310195748639294
er,45,0.058996908911257105,0.05901230040407006
er,46,0.10529209755714901,0.10532274943640801
er,47,0.09642312203046838,0.09645109002544214
er,48,0.031959654922321876,0.03196537581363427
er,49,0.09261687880173139,0.09264319069638668
er,50,0.09773410940466434,0.09776301108614814
er,51,0.09402857237431131,0.09405597544590778
er,52,0.07295524270520533,0.07297425605467955
er,53,0.09035049082079309,0.09037586127419639
er,54,0.1026611372424401,0.10269040857740006
er,55,0.07510541119736927,0.07512474299308089
er,56,0.06495748888629403,0.06497409673578189
er,57,0.0890292543195204,0.08905429244724125
er,58,0.10288591562228624,0.10291563438870487
er,59,0.06308082485433501,0.06309713536170655
er,60,0.09186412203570177,0.09189039579777795
structured,1,0.11556291857040664,0.11565254186025785
structured,2,0.12041396287777477,0.11938387588989392
structured,3,0.1175478119056231,0.1177788825912071
structured,4,0.11335237484159905,0.11383195301205627
structured,5,0.1171940277766101,0.11887069853141671
structured,6,0.11788329792943449,0.11761053206834972
structured,7,0.11353063193603821,0.11443906267583824
structured,8,0.1160321099981579,0.11770399436652315
structured,9,0.11420586056105199,0.11502310900803457
structured,10,0.1346178887424051,0.1337122631160771
structured,11,0.11371904899551266,0.11486777836322729
structured,12,0.11414867561792003,0.11573510557607444
structured,13,0.11139020109585766,0.11282075343702075
structured,14,0.11786969788026942,0.11864879995458208
structured,15,0.1129628410760142,0.11358355423640357
structured,16,0.11180062343811284,0.11275259153852722
structured,17,0.11338092830650763,0.11589404930049453
structured,18,0.11224131294813523,0.1137216471151589
structured,19,0.11791974662841508,0.11834940426865341
structured,20,0.11160204791107428,0.11272976547433393
structured,21,0.11333763187489387,0.11566307145710424
structured,22,0.11904830732257904,0.12094352221604454
structured,23,0.11222226665486792,0.11399939144137151
structured,24,0.11315173104222688,0.11533493547013401
structured,25,0.1120619032729545,0.11439673628192
structured,26,0.11054143384800273,0.1129704295858568
structured,27,0.11425645631177753,0.11691169136874094
structured,28,0.1154836573790241,0.11671174997165142
structured,29,0.10997636408170282,0.11303435083213827
structured,30,0.11328698570166636,0.11559500754520093
structured,31,0.11558006780881146,0.11833750471869005
structured,32,0.11083076199777457,0.11345082339555096
structured,33,0.11027735747133086,0.11238406731475473
structured,34,0.11073099783070352,0.11316808177983437
structured,35,0.11764968653217063,0.12038816032859156
structured,36,0.11158034303444979,0.11392047255214148
structured,37,0.10997367696410834,0.11282215836407113
structured,38,0.11336078895787065,0.11531051128125791
structured,39,0.11215258859296594,0.11475417303476122
structured,40,0.11454177761752352,0.1169775375227223
structured,41,0.10982983282332294,0.11315343590126087
structured,42,0.11665846783490587,0.12035389590616764
structured,43,0.1126442198810507,0.11604566654681728
structured,44,0.11281628054871415,0.11548691451322529
structured,45,0.11174214885353026,0.11428787878825618
structured,46,0.11530749337923529,0.11739584585813503
structured,47,0.11766299579864826,0.11958738155552254
structured,48,0.1157278810350453,0.11890255413937265
structured,49,0.10941158124464312,0.11256421384549312
structured,50,0.11485101727633491,0.11646602944941659
structured,51,0.10879474472804658,0.1122957159725183
structured,52,0.11117015917959426,0.11389113246417337
structured,53,0.10912180148205598,0.11298804750962298
structured,54,0.128677272987444,0.1336086032939233
structured,55,0.11788101282671373,0.12028577818745427
structured,56,0.1102602647212948,0.11361071010153838
structured,57,0.10974981718215125,0.11294891910203755
structured,58,0.11187741125334504,0.11581951283850953
structured,59,0.11086690300902058,0.11304122329275225
structured,60,0.1103122967968815,0.11364220265974706
